year,family,life_expectancy,freedom,government_corruption,generosity,dystopia_residual,gdp_per_capita,happiness_rank,happiness_score,country_id
2015,1.34951,0.94143,0.66557,0.41978,0.29678,2.5174199999999995,1.39651,1,7.587,1
2015,1.40223,0.94784,0.62877,0.14145,0.4363,2.702089999999999,1.30232,2,7.561,2
2015,1.36058,0.87464,0.64938,0.48357,0.34139,2.4919600000000006,1.32548,3,7.527,3
2015,1.33095,0.88521,0.66973,0.36503,0.34699,2.46509,1.459,4,7.522,4
2015,1.32261,0.90563,0.63297,0.32957,0.45811,2.4518199999999997,1.32629,5,7.427,5
2015,1.31826,0.88911,0.64169,0.41372,0.23351,2.61946,1.29025,6,7.406,6
2015,1.28017,0.89284,0.61576,0.31814,0.4761,2.4655500000000004,1.32944,7,7.378,7
2015,1.28907,0.91087,0.6598,0.43844,0.36262,2.3714900000000005,1.33171,8,7.364,8
2015,1.31967,0.90837,0.63938,0.42922,0.47501,2.26417,1.25018,9,7.286,9
2015,1.30923,0.93156,0.65124,0.35637,0.43562,2.2664,1.33358,10,7.284,10
2015,1.22393,0.91387,0.41319,0.07785,0.33172,3.088869999999999,1.22857,11,7.278,11
2015,1.23788,0.86027,0.63376,0.10583,0.25497,3.17751,0.95578,12,7.226,12
2015,1.29704,0.89042,0.62433,0.18676,0.33088,2.533340000000001,1.33723,13,7.2,13
2015,0.91451,0.81444,0.48181,0.21312,0.14074,3.6018400000000006,1.02054,14,7.187,14
2015,1.24711,0.86179,0.54604,0.1589,0.40105,2.5096000000000007,1.39451,15,7.119,15
2015,1.23287,0.69702,0.49049,0.17521,0.14574,3.26043,0.98124,16,6.983,16
2015,1.21963,0.91894,0.61583,0.37798,0.28034,1.9693699999999996,1.56391,17,6.946,17
2015,1.36948,0.89533,0.61777,0.28703,0.45901,1.9754200000000006,1.33596,18,6.94,18
2015,1.28566,0.89667,0.5845,0.2254,0.2225,2.4144500000000004,1.30782,19,6.937,19
2015,1.12575,0.80925,0.64157,0.38583,0.26428,2.247049999999999,1.42727,20,6.901,20
2015,1.28548,0.90943,0.59625,0.32067,0.51912,1.9696800000000003,1.26637,21,6.867,21
2015,1.08182,0.76276,0.63274,0.32524,0.21542,2.4749099999999995,1.36011,22,6.853,22
2015,1.25596,0.72052,0.42908,0.11069,0.05841,3.1910999999999996,1.04424,23,6.81,23
2015,1.02,1.02525,0.54252,0.4921,0.31105,1.8852200000000012,1.52186,24,6.798,24
2015,1.1985,0.79661,0.5421,0.0927,0.24434,2.8482199999999986,1.06353,25,6.786,25
2015,1.29937,0.89186,0.61477,0.21843,0.28214,2.1155100000000004,1.32792,26,6.75,26
2015,1.12447,0.85857,0.44132,0.12869,0.33363,2.676169999999999,1.10715,27,6.67,27
2015,1.0786,0.79733,0.6404,0.52208,0.32573,1.5564399999999994,1.69042,28,6.611,28
2015,1.26038,0.94579,0.55011,0.20646,0.12332,2.2111600000000005,1.27778,29,6.575,29
2015,1.24823,0.78723,0.44974,0.08484,0.11451,2.8359400000000003,1.05351,30,6.574,30
2015,1.20643,0.84483,0.46364,0.02652,0.10686,2.67774,1.17898,31,6.505,31
2015,1.2089,0.8116,0.60362,0.24558,0.2324,2.3212400000000004,1.06166,32,6.485,32
2015,1.24018,0.69077,0.53466,0.0512,0.18401,2.85757,0.91861,33,6.477,33
2015,1.26504,0.7385,0.55664,0.03187,0.5763,2.31975,0.9669,34,6.455,34
2015,1.08393,0.72025,0.31048,0.32524,0.13706,2.4386299999999994,1.39541,35,6.411,35
2015,1.31379,0.95562,0.45951,0.06398,0.18227,2.1237199999999996,1.23011,36,6.329,36
2015,1.30203,0.88721,0.60365,0.13586,0.51752,1.6483299999999996,1.2074,37,6.302,37
2015,1.07617,0.8753,0.3974,0.08129,0.25376,2.3231,1.29098,38,6.298,38
2015,1.16594,0.72492,0.55499,0.25609,0.16228,1.8765599999999996,1.55422,39,6.295,39
2015,0.972,0.6082,0.59657,0.13633,0.16991,2.7906500000000003,0.99534,40,6.269,40
2015,1.18354,0.61483,0.55884,0.0114,0.31844,2.2691200000000005,1.21183,41,6.168,41
2015,1.02507,0.67737,0.4035,0.11776,0.10692,3.0348399999999995,0.76454,42,6.13,42
2015,1.04356,0.64425,0.57733,0.09472,0.27489,2.74272,0.74553,43,6.123,43
2015,1.34043,0.59772,0.65821,0.30826,0.22837,2.23757,0.63244,44,6.003,44
2015,1.26999,0.78902,0.31751,0.03431,0.16893,2.24633,1.16891,45,5.995,45
2015,1.25712,0.99111,0.49615,0.1806,0.10705,1.6842300000000003,1.27074,46,5.987,46
2015,0.95774,0.96538,0.33208,0.07857,0.18557,2.2200499999999996,1.24461,47,5.984,47
2015,0.99903,0.79075,0.48574,0.1809,0.11541,2.5391500000000002,0.86402,48,5.975,48
2015,1.21624,0.74716,0.45492,0.306,0.17362,1.7383000000000006,1.32376,49,5.96,49
2015,1.19777,0.95446,0.26236,0.02901,0.22823,2.0250300000000006,1.25114,50,5.948,50
2015,0.97841,0.5392,0.57414,0.088,0.20536,2.8235599999999996,0.68133,51,5.89,51
2015,1.01528,0.61826,0.32818,0.01615,0.20951,3.1071400000000002,0.59448,52,5.889,52
2015,1.30477,0.66098,0.53899,0.08242,0.3424,2.18859,0.75985,53,5.878,53
2015,1.12241,0.64368,0.51649,0.08454,0.11827,2.2470700000000003,1.12254,54,5.855,54
2015,1.27385,0.87337,0.60855,0.03787,0.25328,1.6161000000000003,1.18498,55,5.848,55
2015,1.25745,0.73128,0.21342,0.01031,0.02641,2.4469000000000003,1.14723,56,5.833,56
2015,1.14184,0.74314,0.55475,0.19317,0.27815,2.3237000000000005,0.59325,57,5.828,57
2015,0.97459,0.73017,0.41496,0.05989,0.14982,2.59438,0.90019,58,5.824,58
2015,1.23289,0.73608,0.37938,0.1909,0.11046,2.1313700000000004,1.03192,59,5.813,59
2015,1.27948,0.77903,0.53122,0.04212,0.16759,1.8660100000000002,1.12555,60,5.791,60
2015,1.07023,0.72394,0.53024,0.10501,0.33075,1.8849699999999991,1.12486,61,5.77,61
2015,0.79624,0.78805,0.25883,0.0243,0.05444,2.7546,1.08254,62,5.759,62
2015,1.11862,0.7038,0.41668,0.11023,0.18295,2.0902699999999994,1.13145,63,5.754,63
2015,1.23617,0.66926,0.36679,0.03005,0.00199,2.2741000000000002,1.13764,64,5.716,64
2015,1.15102,0.68741,0.50442,0.02299,0.2123,2.32048,0.81038,65,5.709,65
2015,1.07008,0.92356,0.49027,0.1428,0.26169,1.5985400000000007,1.20806,66,5.695,66
2015,0.89318,0.92356,0.40672,0.06146,0.30638,1.8895700000000004,1.20813,67,5.689,67
2015,1.07772,0.61766,0.28579,0.17383,0.07822,2.4324900000000005,0.93929,68,5.605,68
2015,0.81198,0.63132,0.24749,0.04741,0.2831,2.76622,0.80148,69,5.589,69
2015,1.22668,0.53886,0.4761,0.30844,0.16979,1.8696599999999997,0.95847,70,5.548,70
2015,0.98521,0.7095,0.56066,0.07521,0.37744,1.7613700000000003,1.00761,71,5.477,71
2015,1.05818,1.01328,0.59608,0.37124,0.39478,0.6544000000000008,1.38604,72,5.474,72
2015,1.22791,0.77361,0.44888,0.15184,0.0868,1.5882200000000002,1.15174,73,5.429,73
2015,1.08708,0.63793,0.46611,0.0,0.51535,1.8642599999999998,0.82827,74,5.399,74
2015,0.91226,0.74676,0.59444,0.10441,0.1686,2.20137,0.63216,75,5.36,75
2015,0.94632,0.73172,0.22815,0.15746,0.12253,2.0848400000000002,1.06098,76,5.332,76
2015,1.15115,0.65088,0.43477,0.04232,0.3003,2.2322999999999995,0.47428,77,5.286,77
2015,0.90432,0.16007,0.34334,0.0403,0.27233,2.8932899999999995,0.65435,78,5.268,78
2015,1.10395,0.57407,0.53206,0.15445,0.47998,1.6380700000000004,0.77042,79,5.253,79
2015,0.93793,0.64045,0.3703,0.16065,0.07799,2.0007900000000003,1.02389,80,5.212,80
2015,0.41411,0.51466,0.12102,0.10464,0.33671,3.10743,0.59543,81,5.194,81
2015,1.05392,0.69639,0.40661,0.14293,0.11053,1.8796400000000002,0.90198,82,5.192,82
2015,0.90557,0.72521,0.1826,0.14296,0.1614,2.09988,0.97438,82,5.192,83
2015,0.94675,0.81658,0.51697,0.02781,0.08185,1.8599199999999994,0.89012,84,5.14,84
2015,0.91612,0.29924,0.48827,0.12468,0.19591,2.6343999999999994,0.47038,85,5.129,85
2015,0.88588,0.7689,0.35068,0.00649,0.13748,1.9311199999999995,1.04345,86,5.124,86
2015,1.00964,0.74836,0.20107,0.02617,0.19231,2.0249200000000003,0.92053,87,5.123,87
2015,1.13935,0.87519,0.51469,0.01078,0.13719,1.2648900000000003,1.15991,88,5.102,88
2015,1.09562,0.72437,0.29671,0.06332,0.18226,1.6225999999999998,1.11312,89,5.098,89
2015,1.03516,0.58114,0.62545,0.12279,0.24991,1.7532300000000003,0.70532,90,5.073,90
2015,0.95152,0.43873,0.46582,0.39928,0.50318,2.1100000000000003,0.18847,91,5.057,91
2015,0.64095,0.60954,0.41691,0.08546,0.07172,2.45363,0.73479,92,5.013,92
2015,1.00232,0.73545,0.33457,0.05327,0.22359,1.7392899999999996,0.91851,93,5.007,93
2015,1.02626,0.09131,0.34037,0.15603,0.22269,3.05126,0.08308,94,4.971,94
2015,0.80434,0.81325,0.35733,0.06413,0.14272,1.8985599999999994,0.87867,95,4.959,95
2015,0.91916,0.79081,0.09245,0.00227,0.24808,2.0639999999999996,0.83223,96,4.949,96
2015,1.04103,0.07612,0.31767,0.12504,0.16388,2.7988099999999996,0.37545,97,4.898,97
2015,1.17202,0.66825,0.57672,0.14234,0.21684,1.21346,0.89537,98,4.885,98
2015,0.73803,0.54909,0.59591,0.24249,0.42192,1.7379000000000002,0.59066,99,4.876,99
2015,1.3006,0.60268,0.43626,0.02666,0.3323,1.3473099999999998,0.82819,100,4.874,100
2015,1.07284,0.07566,0.30658,0.0306,0.18259,2.48667,0.71206,101,4.867,101
2015,0.92933,0.88213,0.07699,0.01397,0.0,1.8005200000000001,1.15406,102,4.857,102
2015,0.80001,0.83947,0.33916,0.04582,0.21854,1.5703600000000004,1.02564,103,4.839,103
2015,1.20215,0.75905,0.32112,0.02758,0.128,1.2411599999999998,1.12094,104,4.8,104
2015,0.95348,0.6951,0.40148,0.06825,0.23027,1.8441000000000005,0.59532,105,4.788,105
2015,0.85563,0.57379,0.47216,0.15072,0.22974,2.113489999999999,0.39047,106,4.786,106
2015,0.60429,0.73793,0.26268,0.06358,0.06431,2.12508,0.88113,107,4.739,107
2015,0.92558,0.66015,0.24499,0.12905,0.11251,2.04405,0.59867,108,4.715,108
2015,0.43106,0.60164,0.4082,0.12569,0.21222,2.5176600000000002,0.39753,109,4.694,109
2015,0.54447,0.69805,0.30033,0.05863,0.38086,1.6948600000000003,1.0088,110,4.686,110
2015,1.20278,0.6739,0.25123,0.02961,0.15275,1.5716599999999996,0.79907,111,4.681,111
2015,0.81889,0.60237,0.0,0.13788,0.17922,1.9531499999999995,0.98549,112,4.677,112
2015,1.18468,0.27688,0.33207,0.08884,0.11973,1.7193100000000001,0.92049,113,4.642,113
2015,0.67954,0.40132,0.42342,0.04355,0.23087,2.3087199999999997,0.54558,114,4.633,114
2015,1.03276,0.33475,0.25861,0.08079,0.18987,2.4422200000000003,0.271,115,4.61,115
2015,0.78968,0.34201,0.28531,0.06232,0.24362,2.77686,0.0712,116,4.571,116
2015,0.38174,0.51529,0.39786,0.08492,0.26475,2.2754500000000006,0.64499,117,4.565,117
2015,1.01404,0.36878,0.10081,0.1466,0.19062,2.20808,0.52107,118,4.55,118
2015,0.74302,0.38847,0.24425,0.17175,0.46187,2.24191,0.26673,119,4.518,119
2015,1.0012,0.09806,0.22605,0.07625,0.24834,2.8671,0.0,120,4.517,120
2015,0.86449,0.56874,0.38282,0.05907,0.32296,1.9559499999999996,0.35997,121,4.514,121
2015,0.60406,0.44055,0.4345,0.15048,0.24325,2.448429999999999,0.19073,122,4.512,122
2015,0.95571,0.0,0.4084,0.08786,0.21488,2.5099099999999996,0.33024,123,4.507,123
2015,0.86908,0.35874,0.24232,0.17461,0.219,2.1181799999999997,0.45407,124,4.436,124
2015,0.99876,0.41435,0.42215,0.05839,0.37542,1.7852199999999994,0.36471,125,4.419,125
2015,0.59207,0.36291,0.46074,0.28105,0.18093,2.05105,0.44025,126,4.369,126
2015,0.77711,0.7299,0.19847,0.039,0.07855,1.7587599999999997,0.76821,127,4.35,127
2015,1.10464,0.04776,0.49495,0.12474,0.10461,1.4617499999999994,0.99355,128,4.332,128
2015,0.70905,0.48246,0.44017,0.19034,0.79588,1.4180200000000003,0.27108,129,4.307,129
2015,0.38562,0.72926,0.40577,0.38331,0.05547,1.5956699999999997,0.7419,130,4.297,130
2015,0.41134,0.22562,0.43054,0.06977,0.33128,2.80741,0.01604,131,4.292,131
2015,1.01905,0.70806,0.53726,0.09179,0.40828,0.6713200000000001,0.83524,132,4.271,132
2015,0.88767,0.23402,0.49309,0.05786,0.20618,1.9506800000000002,0.4225,133,4.252,133
2015,1.10614,0.76649,0.30587,0.00872,0.11921,0.8994100000000005,1.01216,134,4.218,134
2015,0.747,0.61712,0.17288,0.06324,0.11291,1.59905,0.8818,135,4.194,135
2015,0.68093,0.40064,0.35571,0.07854,0.09131,1.9233799999999999,0.54649,136,4.077,136
2015,0.8604,0.16683,0.10384,0.07122,0.12344,1.94949,0.75778,137,4.033,137
2015,1.03526,0.20583,0.38857,0.12352,0.18798,1.7931,0.26074,138,3.995,138
2015,0.6629,0.31051,0.41466,0.11686,0.12388,1.6815299999999995,0.67866,139,3.989,139
2015,0.79273,0.36315,0.22917,0.199,0.17441,1.9584799999999998,0.23906,140,3.956,140
2015,1.13299,0.33861,0.45727,0.07267,0.29066,1.4277800000000003,0.21102,141,3.931,141
2015,0.97619,0.4354,0.36772,0.10713,0.20843,1.44415,0.36498,142,3.904,142
2015,0.90528,0.43372,0.31914,0.11091,0.06822,0.9984899999999994,1.06024,143,3.896,143
2015,0.77265,0.29707,0.47692,0.15639,0.19387,1.8787000000000003,0.0694,144,3.845,144
2015,0.62736,0.61114,0.66246,0.07247,0.40359,0.9815999999999998,0.46038,145,3.819,145
2015,1.00268,0.38215,0.32878,0.05747,0.34377,1.38095,0.2852,146,3.781,146
2015,0.66801,0.46721,0.19184,0.08124,0.21333,1.8511300000000002,0.20824,147,3.681,147
2015,0.0,0.06699,0.48879,0.08289,0.23835,2.72248,0.0785,148,3.678,148
2015,0.76062,0.1501,0.23501,0.05269,0.18386,1.94279,0.34193,149,3.667,149
2015,0.46475,0.24009,0.37725,0.12139,0.28657,1.99178,0.17417,150,3.656,150
2015,0.77115,0.15185,0.46866,0.17922,0.20165,1.4171299999999998,0.46534,151,3.655,151
2015,0.85188,0.27125,0.39493,0.12832,0.21747,1.4650300000000005,0.25812,152,3.587,152
2015,0.30285,0.30335,0.23414,0.09719,0.3651,1.95255,0.31982,153,3.575,153
2015,0.7737,0.42864,0.59201,0.55191,0.22628,0.6703799999999998,0.22208,154,3.465,154
2015,0.35386,0.3191,0.4845,0.0801,0.1826,1.6331899999999997,0.28665,155,3.34,155
2015,0.47489,0.72193,0.15684,0.18906,0.47179,0.32828999999999997,0.6632,156,3.006,156
2015,0.41587,0.22396,0.1185,0.10062,0.19727,1.8334799999999998,0.0153,157,2.905,157
2015,0.13995,0.28443,0.36453,0.10731,0.16681,1.5672899999999998,0.20868,158,2.839,158
2016,1.16374,0.79504,0.57941,0.44453,0.36171,2.7397899999999993,1.44178,1,7.526,3
2016,1.14524,0.86303,0.58557,0.41203,0.28083,2.6949700000000005,1.52733,2,7.509,1
2016,1.18326,0.86733,0.56624,0.14975,0.47678,2.830980000000001,1.42666,3,7.501,2
2016,1.1269,0.79579,0.59609,0.35776,0.37895,2.66507,1.57744,4,7.498,4
2016,1.13464,0.81091,0.57104,0.41004,0.25492,2.8254699999999993,1.40598,5,7.413,6
2016,1.0961,0.8276,0.5737,0.31329,0.44834,2.70482,1.44015,6,7.404,5
2016,1.02912,0.81231,0.55211,0.29927,0.47416,2.70735,1.46468,7,7.339,7
2016,1.17278,0.83096,0.58147,0.41904,0.49401,2.4750799999999993,1.36066,8,7.334,9
2016,1.10476,0.8512,0.56837,0.32331,0.47407,2.546859999999999,1.44443,9,7.313,10
2016,1.08764,0.83121,0.58218,0.40867,0.38254,2.5469500000000007,1.45181,10,7.291,8
2016,0.99537,0.84917,0.36432,0.08728,0.32288,3.3103200000000004,1.33766,11,7.267,11
2016,1.08383,0.80565,0.54355,0.21348,0.32865,2.693460000000001,1.45038,12,7.119,13
2016,1.04782,0.779,0.48163,0.14868,0.41077,2.72814,1.50796,13,7.104,15
2016,1.02152,0.76146,0.55225,0.10547,0.22553,3.35198,1.06879,14,7.087,12
2016,1.08113,0.77758,0.46823,0.12275,0.22202,3.00786,1.35943,15,7.039,159
2016,1.09774,0.81487,0.53466,0.28551,0.30452,2.5088299999999997,1.44787,16,6.994,26
2016,1.03938,0.61415,0.40425,0.14166,0.15776,3.50726,1.08754,17,6.952,16
2016,1.05249,0.81959,0.51354,0.26248,0.2424,2.6131100000000007,1.42539,18,6.929,19
2016,1.16157,0.81455,0.54008,0.29754,0.44963,2.16022,1.48341,19,6.907,18
2016,1.03999,0.84542,0.5487,0.35329,0.27571,2.1103700000000005,1.69752,20,6.871,17
2016,0.7146,0.71143,0.37709,0.18355,0.11735,3.5588999999999995,1.11508,21,6.778,14
2016,0.86758,0.94719,0.4877,0.46987,0.32706,1.9940499999999988,1.64555,22,6.739,24
2016,1.08672,0.80991,0.50036,0.27399,0.50156,2.14963,1.40283,23,6.725,21
2016,0.90587,0.81883,0.37789,0.11451,0.31595,2.9552500000000004,1.2167,24,6.705,27
2016,0.98912,0.70835,0.48927,0.08423,0.2418,3.0051699999999997,1.18306,25,6.701,25
2016,1.06612,0.69711,0.42284,0.07296,0.10989,3.1297100000000007,1.15137,26,6.65,30
2016,1.00793,0.76376,0.41418,0.03986,0.09929,2.9618300000000004,1.30915,27,6.596,31
2016,0.87114,0.72993,0.56215,0.35561,0.26591,2.214740000000001,1.57352,28,6.573,20
2016,1.03143,0.72183,0.54388,0.21394,0.18056,2.67179,1.18157,29,6.545,32
2016,1.09879,0.80315,0.54994,0.17554,0.56237,1.9903900000000005,1.30782,30,6.488,37
2016,1.02169,0.59659,0.44735,0.05399,0.15626,3.1747999999999994,1.03032,31,6.481,33
2016,1.00508,0.83795,0.46562,0.17808,0.1216,2.4747899999999996,1.39488,32,6.478,29
2016,1.04477,0.64915,0.49553,0.02833,0.58696,2.5799600000000003,1.0893,33,6.474,34
2016,0.84829,0.59267,0.37904,0.30008,0.15457,2.61482,1.48953,34,6.379,35
2016,0.92624,0.79565,0.32377,0.0663,0.25495,2.6147999999999993,1.39729,34,6.379,38
2016,0.87964,0.71723,0.56679,0.48049,0.32388,1.5827,1.82427,36,6.375,28
2016,1.12945,0.87896,0.37545,0.06137,0.17665,2.3965899999999993,1.34253,37,6.361,36
2016,0.83309,0.61804,0.21006,0.16157,0.07044,3.4091400000000003,1.05266,38,6.355,68
2016,0.87119,0.54039,0.50379,0.08701,0.28808,3.1990000000000003,0.83454,39,6.324,43
2016,0.77866,0.50933,0.52234,0.12692,0.16665,3.06824,1.09686,40,6.269,40
2016,0.87758,0.63569,0.43166,0.23669,0.15965,2.28059,1.61714,41,6.239,39
2016,0.94397,0.65696,0.47375,0.25772,0.17147,2.2738899999999997,1.44024,42,6.218,49
2016,0.98569,0.52608,0.48453,0.01241,0.31935,2.5142200000000003,1.32572,43,6.168,41
2016,1.03302,0.61904,0.19847,0.08304,0.0425,2.9742599999999997,1.13367,44,6.084,23
2016,1.08268,0.70367,0.23391,0.02947,0.13837,2.61017,1.27973,45,6.078,45
2016,0.80975,0.596,0.37269,0.10613,0.08877,3.22096,0.8737,46,6.068,42
2016,0.88025,0.62366,0.39031,0.09081,0.41474,2.35381,1.25142,47,6.005,61
2016,0.89521,0.65213,0.46582,0.16292,0.29773,2.82435,0.69384,48,5.992,57
2016,1.1681,0.50163,0.60848,0.28333,0.34326,2.34629,0.73591,49,5.987,44
2016,1.04167,0.85102,0.18827,0.02556,0.16684,2.3486899999999995,1.35495,50,5.977,50
2016,0.85974,0.68613,0.4027,0.18037,0.10074,2.77326,0.97306,51,5.976,48
2016,0.68655,0.45569,0.51231,0.10771,0.23684,3.0807400000000005,0.87616,52,5.956,160
2016,1.06054,0.91491,0.46761,0.18985,0.10224,1.8057800000000004,1.38007,53,5.921,46
2016,0.95544,0.57386,0.4052,0.11132,0.15011,2.4936399999999996,1.22943,54,5.919,54
2016,0.83132,0.52309,0.25202,0.01903,0.19997,3.379800000000001,0.69177,55,5.897,52
2016,1.05261,0.58991,0.32682,0.03586,0.02736,2.59116,1.23228,56,5.856,64
2016,1.04685,0.69058,0.4519,0.055,0.14443,2.20039,1.24585,57,5.835,60
2016,0.72194,0.88645,0.25168,0.07716,0.18824,2.35005,1.35948,57,5.835,47
2016,0.83779,0.4697,0.50961,0.07746,0.21698,2.91624,0.79422,59,5.822,51
2016,1.06411,0.64674,0.18929,0.0182,0.02025,2.6052099999999996,1.2692,60,5.813,56
2016,1.04993,0.63104,0.29091,0.17457,0.13942,2.3855099999999996,1.13062,61,5.802,59
2016,0.81826,0.84142,0.43596,0.16578,0.26322,1.9349500000000002,1.31141,62,5.771,66
2016,1.05613,0.79151,0.53164,0.03635,0.25738,1.7955199999999998,1.29947,63,5.768,55
2016,0.81255,0.62994,0.37502,0.05292,0.14527,2.7312800000000004,0.99602,64,5.743,58
2016,1.03817,0.44006,0.37408,0.28467,0.22567,2.21518,1.08017,65,5.658,70
2016,0.75695,0.66189,0.46145,0.05203,0.36951,2.20245,1.14372,66,5.648,71
2016,0.95076,0.52304,0.40672,0.10339,0.17087,2.3933400000000002,1.06688,67,5.615,63
2016,0.95025,0.63952,0.27996,0.0889,0.17445,2.209039999999999,1.21788,68,5.56,89
2016,0.70697,0.8488,0.29507,0.05228,0.27906,2.0452500000000002,1.31857,69,5.546,67
2016,1.11111,0.58295,0.46235,0.07396,0.25296,2.1609400000000005,0.89373,70,5.538,53
2016,0.72803,0.67602,0.36712,0.00679,0.12889,2.4514499999999995,1.1697,71,5.528,86
2016,1.05163,0.68098,0.41511,0.18519,0.08423,1.8202200000000008,1.27964,72,5.517,73
2016,0.96372,0.59469,0.43597,0.04294,0.22245,2.3568999999999996,0.89333,73,5.51,65
2016,0.60809,0.70524,0.23907,0.04002,0.18434,2.52475,1.18649,74,5.488,62
2016,0.87021,0.95277,0.48079,0.31647,0.40097,0.9260900000000003,1.5107,75,5.458,72
2016,0.33613,0.11466,0.56778,0.3118,0.27225,3.8373800000000005,0.0,76,5.44,161
2016,0.66062,0.54,0.14396,0.06547,0.27992,2.80958,0.90145,77,5.401,69
2016,0.87717,0.64718,0.23889,0.12348,0.04707,2.29029,1.16492,78,5.389,76
2016,0.87625,0.49374,0.39237,0.00322,0.56521,2.0321700000000003,0.95104,79,5.314,74
2016,0.86216,0.60712,0.36023,0.13297,0.14262,2.20117,0.99673,80,5.303,82
2016,0.76042,0.54504,0.35327,0.17914,0.0564,2.273,1.12373,81,5.291,80
2016,0.87877,0.47036,0.54854,0.11757,0.21674,2.23485,0.81217,82,5.279,90
2016,0.79381,0.73561,0.44012,0.02745,0.04959,2.1706200000000004,1.0278,83,5.245,84
2016,0.90836,0.49759,0.46074,0.1616,0.48546,1.8295499999999993,0.8527,84,5.196,79
2016,0.95434,0.55449,0.40212,0.04762,0.38432,2.281669999999999,0.56044,85,5.185,77
2016,0.81329,0.6458,0.15718,0.04339,0.20737,2.2756,1.03437,86,5.177,87
2016,0.64367,0.70766,0.09511,0.0,0.29889,2.48384,0.93383,87,5.163,96
2016,0.74173,0.63533,0.15111,0.12721,0.17191,2.25533,1.07838,88,5.161,83
2016,0.99496,0.57669,0.52259,0.12372,0.21286,1.69631,1.02787,89,5.155,98
2016,0.38595,0.59471,0.25646,0.08404,0.04053,2.94873,0.84058,90,5.151,92
2016,0.93164,0.67608,0.1977,0.04472,0.099,1.954439999999999,1.24142,91,5.145,104
2016,0.26135,0.40306,0.14622,0.1388,0.31185,3.1825599999999996,0.68816,92,5.132,81
2016,0.64184,0.76171,0.26228,0.03061,0.23693,2.0729499999999996,1.12268,93,5.129,103
2016,0.94367,0.79363,0.44727,0.01521,0.11691,1.5302400000000005,1.27607,94,5.123,88
2016,0.78236,0.64738,0.27668,0.07047,0.23507,2.089740000000001,1.0193,95,5.121,93
2016,0.79117,0.66157,0.55954,0.11556,0.25075,1.94204,0.74037,96,5.061,75
2016,0.75862,0.33108,0.3913,0.36794,0.51479,2.4376900000000004,0.25558,97,5.057,162
2016,0.43165,0.59577,0.23553,0.0817,0.03936,2.6837500000000003,0.97724,98,5.045,107
2016,0.75473,0.80029,0.05822,0.04127,0.0,2.1296300000000006,1.24886,99,5.033,102
2016,0.75602,0.53119,0.43408,0.13509,0.25998,2.39129,0.48835,100,4.996,106
2016,1.08983,0.55469,0.35972,0.03285,0.34539,1.5359900000000004,0.98853,101,4.907,100
2016,0.5497,0.38291,0.52168,0.22423,0.43079,2.0862700000000007,0.68042,102,4.876,99
2016,0.64498,0.05108,0.27854,0.0305,0.23219,2.88555,0.75216,103,4.875,78
2016,0.75596,0.58383,0.26755,0.06906,0.2044,2.2959100000000006,0.69429,104,4.871,105
2016,0.38857,0.64232,0.22544,0.0557,0.38538,1.9980099999999998,1.11758,105,4.813,110
2016,0.6376,0.23573,0.42662,0.11479,0.17866,2.58958,0.61202,106,4.795,85
2016,0.69699,0.50073,0.37012,0.07008,0.3816,2.32722,0.44626,107,4.793,121
2016,0.71629,0.56844,0.17744,0.10613,0.11154,2.40392,0.67024,108,4.754,108
2016,0.50163,0.73007,0.31866,0.05301,0.1684,1.92793,0.9553,109,4.655,95
2016,0.24749,0.52989,0.39778,0.12583,0.19132,2.6089199999999995,0.54177,110,4.643,109
2016,0.628,0.0,0.30685,0.08196,0.23897,3.0143699999999995,0.36485,111,4.635,123
2016,0.59205,0.51076,0.24856,0.13636,0.19589,1.8166400000000005,1.07474,112,4.575,112
2016,0.70362,0.34745,0.48614,0.10398,0.07795,1.9219899999999996,0.93287,113,4.574,163
2016,0.62542,0.12698,0.42736,0.06126,0.2268,2.5202099999999996,0.52497,114,4.513,133
2016,0.37932,0.34578,0.36703,0.1717,0.29522,2.65612,0.29283,115,4.508,122
2016,0.96053,0.18611,0.42483,0.08415,0.13656,1.6426599999999998,1.02416,116,4.459,113
2016,0.84783,0.62007,0.50817,0.07964,0.46978,0.9163299999999999,0.97318,117,4.415,132
2016,0.29247,0.45091,0.40285,0.08722,0.25028,2.17991,0.74036,118,4.404,117
2016,0.69981,0.3988,0.42692,0.20243,0.81971,1.5062099999999994,0.34112,119,4.395,129
2016,0.49813,0.52116,0.18847,0.10393,0.12706,1.9692999999999996,0.95395,120,4.362,135
2016,0.62477,0.64083,0.14037,0.03616,0.07793,1.9790800000000006,0.86086,121,4.36,127
2016,0.7624,0.30147,0.40576,0.06686,0.41328,1.8835600000000001,0.52267,122,4.356,125
2016,1.01413,0.58628,0.12859,0.01829,0.20363,1.50021,0.87287,123,4.324,111
2016,0.49353,0.29681,0.40973,0.0326,0.21203,2.20023,0.63107,124,4.276,114
2016,0.80676,0.188,0.15602,0.06075,0.25458,2.7492799999999997,0.05661,125,4.272,120
2016,0.19249,0.64035,0.32461,0.3188,0.06786,1.86997,0.83792,126,4.252,130
2016,0.47799,0.28212,0.37938,0.09753,0.12077,2.1071199999999997,0.77109,127,4.236,139
2016,0.77416,0.40457,0.31056,0.11681,0.19103,1.9787300000000005,0.44314,128,4.219,142
2016,0.92542,0.67806,0.21219,0.00615,0.12793,1.1541899999999998,1.11306,129,4.217,134
2016,0.84142,0.28639,0.1268,0.17955,0.22686,1.9260699999999997,0.61391,130,4.201,124
2016,0.71478,0.1595,0.25429,0.08582,0.18503,2.4431699999999994,0.35041,131,4.193,115
2016,0.147,0.29364,0.4143,0.07564,0.30968,2.8286499999999997,0.08709,132,4.156,131
2016,0.81928,0.29759,0.0,0.10039,0.18077,2.1102800000000004,0.63069,133,4.139,118
2016,0.72368,0.3494,0.28098,0.09314,0.06244,1.4528500000000002,1.15851,134,4.121,143
2016,0.86333,0.16347,0.27544,0.13647,0.21064,2.11073,0.31292,135,4.073,138
2016,0.29561,0.27494,0.12072,0.14476,0.47958,2.3714199999999996,0.34097,136,4.028,119
2016,0.89186,0.34752,0.44089,0.10769,0.12425,0.9675300000000004,1.09426,137,3.974,128
2016,0.60323,0.29981,0.15412,0.18437,0.1827,2.2566800000000002,0.27509,138,3.956,140
2016,0.57576,0.04476,0.40663,0.1553,0.20338,1.9750999999999999,0.55507,139,3.916,151
2016,0.5375,0.42494,0.58852,0.08092,0.40339,1.3156900000000005,0.55604,140,3.907,145
2016,0.66366,0.04991,0.00589,0.08434,0.12071,2.09418,0.84731,141,3.866,137
2016,0.6053,0.26162,0.38041,0.17176,0.2097,2.0945099999999996,0.1327,142,3.856,144
2016,0.18519,0.15781,0.19662,0.13015,0.25899,2.5092999999999996,0.39394,143,3.832,164
2016,0.63178,0.03824,0.12807,0.04952,0.18667,2.30658,0.42214,144,3.763,149
2016,0.63054,0.21297,0.3337,0.12533,0.24353,1.8729799999999999,0.31995,145,3.739,152
2016,0.90981,0.19625,0.43653,0.06442,0.27102,1.5137800000000001,0.34719,145,3.739,141
2016,0.47493,0.31048,0.2287,0.05892,0.09821,1.9733700000000005,0.57939,147,3.724,136
2016,0.46115,0.37109,0.13684,0.07506,0.2204,2.15092,0.27954,148,3.695,147
2016,0.77623,0.357,0.3176,0.05099,0.31472,1.37791,0.47155,149,3.666,146
2016,0.50353,0.23165,0.25748,0.04852,0.24063,2.23313,0.10706,150,3.622,116
2016,0.3109,0.18829,0.30953,0.1192,0.29914,2.15579,0.22415,151,3.607,150
2016,0.61586,0.31865,0.5432,0.50521,0.23552,0.9681000000000002,0.32846,152,3.515,154
2016,0.10419,0.21028,0.39747,0.06681,0.2018,2.10846,0.39499,153,3.484,155
2016,0.11037,0.17344,0.1643,0.07112,0.31268,2.1458199999999996,0.38227,154,3.36,153
2016,0.0,0.24811,0.34678,0.11587,0.17517,2.13584,0.28123,155,3.303,158
2016,0.14866,0.62994,0.06912,0.17233,0.48397,0.8177899999999996,0.74719,156,3.069,156
2016,0.23442,0.15747,0.0432,0.09419,0.2029,2.10451,0.06831,157,2.905,157
2017,1.53352355957031,0.796666502952576,0.635422587394714,0.315963834524155,0.36201223731041,2.2769482731819153,1.61646318435669,1,7.53700017929077,4
2017,1.55112159252167,0.792565524578094,0.626006722450256,0.40077006816864,0.355280488729477,2.313872426748273,1.48238301277161,2,7.52199983596802,3
2017,1.6105740070343,0.833552122116089,0.627162635326385,0.153526559472084,0.475540220737457,2.3230116218328547,1.480633020401,3,7.50400018692017,2
2017,1.51691174507141,0.858131289482117,0.620070576667786,0.367007285356522,0.290549278259277,2.276350229978558,1.56497955322266,4,7.49399995803833,1
2017,1.5402467250824,0.80915766954422,0.617950856685638,0.38261154294014,0.24548277258873,2.429978370666502,1.44357192516327,5,7.4689998626709,6
2017,1.42893922328949,0.810696125030518,0.585384488105774,0.282661825418472,0.470489829778671,2.294883728027335,1.50394463539124,6,7.3769998550415,7
2017,1.48134899139404,0.83455765247345,0.611100912094116,0.287371516227722,0.435539722442627,2.1868767738342347,1.47920441627502,7,7.31599998474121,5
2017,1.54819512367249,0.816759705543518,0.614062130451202,0.382816702127457,0.500005125999451,2.0464552938938123,1.40570604801178,8,7.31400012969971,9
2017,1.47816216945648,0.830875158309937,0.612924098968506,0.384398728609085,0.385399252176285,2.097853243350987,1.49438726902008,9,7.28399991989136,8
2017,1.51004195213318,0.84388679265976,0.601607382297516,0.301183730363846,0.477699249982834,2.065165877342224,1.484414935112,10,7.28399991989136,10
2017,1.37628996372223,0.83840399980545,0.405988603830338,0.0852421000599861,0.330082654953003,2.8016100749373436,1.37538242340088,11,7.21299982070923,11
2017,1.41640365123749,0.759509265422821,0.580131649971008,0.100106589496136,0.214613229036331,2.8985293284058535,1.10970628261566,12,7.0789999961853,12
2017,1.4599449634552,0.815328419208527,0.567766189575195,0.221060365438461,0.316472321748734,2.1383305191993722,1.48709726333618,13,7.00600004196167,13
2017,1.41992056369781,0.77428662776947,0.505740523338318,0.135638788342476,0.392578780651093,2.2185754626989436,1.54625928401947,14,6.99300003051758,15
2017,1.55823111534119,0.80978262424469,0.573110342025757,0.29838815331459,0.42785832285881,1.7739230394363323,1.53570663928986,15,6.97700023651123,18
2017,1.47252035140991,0.798950731754303,0.562511384487152,0.276731938123703,0.336269170045853,2.01609325408936,1.48792338371277,16,6.95100021362305,26
2017,1.46231269836426,0.818091869354248,0.539770722389221,0.251343131065369,0.231503337621689,2.124197274446484,1.46378076076508,17,6.89099979400635,19
2017,1.45758366584778,0.845089495182037,0.59662789106369,0.31883442401886,0.283180981874466,1.6197398602962467,1.74194359779358,18,6.86299991607666,17
2017,1.49646008014679,0.805335938930511,0.508190035820007,0.265428066253662,0.492774158716202,1.704178005456928,1.44163393974304,19,6.71400022506714,21
2017,1.28402495384216,0.819479703903198,0.376895278692245,0.0822879821062088,0.326662421226501,2.509865000844007,1.25278460979462,20,6.65199995040894,27
2017,1.26641023159027,0.726798236370087,0.60834527015686,0.324489563703537,0.3609419465065,1.7346711456775656,1.62634336948395,21,6.64799976348877,20
2017,1.43130600452423,0.616552352905273,0.437453746795654,0.111092761158943,0.16234989464283,2.7688922584056903,1.10735321044922,22,6.63500022888184,16
2017,1.43388521671295,0.754444003105164,0.490946173667908,0.0368729270994663,0.0881067588925362,2.452062774449585,1.35268235206604,23,6.60900020599365,31
2017,1.44045114517212,0.695137083530426,0.494519203901291,0.059739887714386,0.109457060694695,2.614400133490562,1.18529546260834,24,6.59899997711182,30
2017,1.210862159729,0.709978997707367,0.412730008363724,0.132774114608765,0.120990432798862,2.837480537593372,1.15318381786346,25,6.57800006866455,14
2017,1.35381436347961,0.949492394924164,0.549840569496155,0.46430778503418,0.345965981483459,1.2163012623786926,1.69227766990662,26,6.57200002670288,24
2017,1.48841166496277,0.821944236755371,0.588767051696777,0.153066068887711,0.574730575084686,1.5568005144596144,1.34327983856201,27,6.52699995040894,37
2017,1.41222786903381,0.719216823577881,0.57939225435257,0.178061872720718,0.175096929073334,2.1724445521831477,1.21755969524384,28,6.4539999961853,32
2017,1.25558519363403,0.540239989757538,0.531310617923737,0.0772232785820961,0.283488392829895,2.894150577485561,0.872001945972443,29,6.4539999961853,43
2017,1.37319254875183,0.706156134605408,0.550026834011078,0.070983923971653,0.21055693924427,2.3073353245854404,1.23374843597412,30,6.4520001411438,25
2017,1.38777685165405,0.844465851783752,0.470222115516663,0.172502428293228,0.129762306809425,2.006346896290782,1.43092346191406,31,6.44199991226196,29
2017,1.42579245567322,0.647239029407501,0.580200731754303,0.0316127352416515,0.572123110294342,2.039162952452892,1.12786877155304,32,6.42399978637695,34
2017,1.38456535339355,0.793984234333038,0.361466586589813,0.0638292357325554,0.258360475301743,2.1261675134301212,1.43362653255463,33,6.42199993133545,165
2017,1.53209090232849,0.888960599899292,0.408781230449677,0.0709140971302986,0.190133571624756,1.9277216121554366,1.38439786434174,34,6.40299987792969,36
2017,1.27429687976837,0.710098087787628,0.604130983352661,0.439299255609512,0.330473870038986,1.1459352374076825,1.87076568603516,35,6.375,28
2017,1.4021829366684,0.595027923583984,0.477487415075302,0.0466687418520451,0.149014472961426,2.6159960590302926,1.07062232494354,36,6.35699987411499,33
2017,1.28667759895325,0.590148329734802,0.449750572443008,0.27343225479126,0.147616013884544,2.065751537680626,1.53062355518341,37,6.3439998626709,35
2017,1.3802285194397,0.519983291625977,0.518630743026733,0.0089648161083459,0.325296461582184,2.05354048870503,1.36135590076447,38,6.16800022125244,41
2017,1.25969874858856,0.632105708122253,0.496337592601776,0.215159550309181,0.228289797902107,1.6404561698436826,1.63295245170593,39,6.10500001907349,39
2017,1.50505924224854,0.712732911109924,0.295817464590073,0.0242108516395092,0.136544480919838,2.098241541534656,1.32539355754852,40,6.09800004959106,45
2017,1.32311046123505,0.653133034706116,0.536746919155121,0.257042169570923,0.172668486833572,1.6558865606784785,1.48841226100922,41,6.08699989318848,49
2017,1.28464603424072,0.618784427642822,0.402264982461929,0.0656007081270218,0.416608929634094,2.0048796087503433,1.29121541976929,42,6.08400011062622,61
2017,1.28721570968628,0.653095960617065,0.447551846504211,0.130687981843948,0.301674216985703,2.513475179672242,0.737299203872681,43,6.07100009918213,57
2017,1.28616881370544,0.685636222362518,0.4551981985569,0.140134647488594,0.150112465023994,2.289929151535034,1.00082039833069,44,6.00799989700317,48
2017,1.18212509155273,0.596018552780151,0.432452529668808,0.0899809598922729,0.0782579854130745,2.714380167424688,0.909784495830536,45,6.00299978256226,42
2017,1.44571197032928,0.699475347995758,0.520342111587524,0.0593078061938286,0.158465966582298,1.7979089841246605,1.29178786277771,46,5.97300004959106,60
2017,1.54896914958954,0.498272627592087,0.658248662948608,0.246528223156929,0.415983647108078,1.8165567964315406,0.786441087722778,47,5.97100019454956,44
2017,1.44492328166962,0.853144347667694,0.256450712680817,0.0280280914157629,0.17278964817524,1.8135975245386353,1.39506661891937,48,5.96400022506714,50
2017,1.46928238868713,0.547349333763123,0.373783111572266,0.0329628810286522,0.0522638224065304,2.2055801860988185,1.28177809715271,49,5.96299982070923,64
2017,1.08141779899597,0.450191766023636,0.547509372234344,0.0965810716152191,0.240015640854836,2.6323088854551373,0.907975316047668,50,5.95599985122681,160
2017,1.43633782863617,0.913475871086121,0.505625545978546,0.163760736584663,0.12057276815176,1.363312147557739,1.41691517829895,51,5.92000007629395,46
2017,1.47351610660553,0.62894994020462,0.234231784939766,0.0118656428530812,0.010164656676352,2.2286894712597207,1.31458234786987,52,5.90199995040894,56
2017,1.1462174654007,0.617584645748138,0.233335807919502,0.146096110343933,0.0694366469979286,2.567465074360358,1.09186446666718,53,5.87200021743774,68
2017,1.40471494197845,0.638566970825195,0.325707912445068,0.0738427266478539,0.153074786067009,1.9933439418673546,1.26074862480164,54,5.84999990463257,89
2017,1.12827444076538,0.900214076042175,0.257921665906906,0.0632826685905457,0.206674367189407,1.879954159259797,1.40167844295502,55,5.83799982070923,47
2017,1.25182557106018,0.589465200901031,0.240729048848152,0.0100912861526012,0.208779126405716,2.808238957077268,0.728870630264282,56,5.83799982070923,52
2017,1.15009129047394,0.685158312320709,0.457003742456436,0.00438790069893,0.133519917726517,2.177154734265058,1.21768391132355,57,5.82499980926514,86
2017,1.22761905193329,0.473630249500275,0.558732926845551,0.0604777261614799,0.22556072473526,2.443222709000106,0.833756566047668,58,5.82299995422363,51
2017,1.49314916133881,0.437726080417633,0.41827192902565,0.259270340204239,0.24992498755455,1.8328807651996577,1.13077676296234,59,5.82200002670288,70
2017,1.38436901569366,0.606041550636292,0.437454283237457,0.119282886385918,0.201964423060417,1.7853313386440366,1.28455626964569,60,5.81899976730347,54
2017,1.18630337715149,0.834647238254547,0.471203625202179,0.155353352427483,0.266845703125,1.5487353354692415,1.3469113111496,61,5.80999994277954,66
2017,1.45251882076263,0.790828227996826,0.572575807571411,0.0451289787888527,0.242649093270302,1.3130930140614483,1.3412059545517,62,5.75799989700317,55
2017,1.21877038478851,0.630166113376617,0.450002878904343,0.0470490865409374,0.126819714903831,2.206966701895001,1.03522527217865,63,5.71500015258789,58
2017,1.20956099033356,0.638007462024689,0.491247326135635,0.0421815551817417,0.360933750867844,1.6976735554635494,1.18939554691315,64,5.62900018692017,71
2017,1.13136327266693,0.84471470117569,0.355111539363861,0.0412379764020443,0.271254301071167,1.621379945427178,1.35593807697296,65,5.62099981307983,67
2017,1.47667109966278,0.695168316364288,0.479131430387497,0.183248922228813,0.0988908112049103,1.3570101410150617,1.32087934017181,66,5.61100006103516,73
2017,1.44494521617889,0.637714266777039,0.295400261878967,0.156313821673393,0.15513750910759,1.7229311317205518,1.15655755996704,67,5.56899976730347,59
2017,1.35756433010101,0.520169019699097,0.465733230113983,0.0926102101802826,0.152073666453362,1.835046574473385,1.10180306434631,68,5.52500009536743,63
2017,1.33775317668915,0.637605607509613,0.300740599632263,0.0996715798974037,0.0466930419206619,1.879261620342728,1.19827437400818,69,5.5,76
2017,1.50728487968445,0.579250693321228,0.473507791757584,0.091065913438797,0.224150657653809,1.6852027773857108,0.932537317276001,70,5.49300003051758,53
2017,1.26279091835022,0.943062424659729,0.490968644618988,0.293933749198914,0.374465793371201,0.555103749036788,1.55167484283447,71,5.47200012207031,166
2017,1.25391757488251,0.468009054660797,0.585214674472809,0.0993318930268288,0.193513423204422,1.9723139926791138,0.85769921541214,72,5.42999982833862,90
2017,1.25818979740143,0.65078467130661,0.208715528249741,0.0409037806093693,0.220125883817673,1.9469627402722764,1.06931757926941,73,5.39499998092651,87
2017,1.23908889293671,0.604590058326721,0.418421149253845,0.11980327218771,0.172170460224152,1.7909137383103286,0.991012394428253,74,5.33599996566772,82
2017,1.34313309192657,0.687763452529907,0.175863519310951,0.0366369374096394,0.0784016624093056,1.7161892838776067,1.2860119342804,75,5.32399988174438,104
2017,1.36821806430817,0.641022384166718,0.474307239055634,0.0552677810192108,0.233818337321281,1.6127867549657755,0.925579309463501,76,5.31099987030029,65
2017,0.96798300743103,0.701288521289825,0.255772292613983,0.0431031100451946,0.248002976179123,1.854294080287214,1.22255623340607,77,5.29300022125244,62
2017,1.13785350322723,0.541452050209045,0.260287940502167,0.0574716180562973,0.319931447505951,2.010518863797193,0.951484382152557,78,5.27899980545044,69
2017,1.16083741188049,0.741415500640869,0.472787708044052,0.0227942746132612,0.0288068410009146,1.7651922367513233,1.08116579055786,79,5.27299976348877,84
2017,0.672690689563751,0.402047783136368,0.23521526157856,0.124348066747189,0.315446019172668,2.7923687025904638,0.72688353061676,80,5.26900005340576,81
2017,1.27444469928741,0.492345720529556,0.443323463201523,0.0153171354904771,0.611704587936401,1.429325885139411,0.995538592338562,81,5.26200008392334,74
2017,1.43133759498596,0.617144227027893,0.153997123241425,0.0644911229610443,0.0650196298956871,1.7895791009068507,1.12843120098114,82,5.25,23
2017,1.23837649822235,0.667464673519135,0.194989055395126,0.0881741940975189,0.197911024093628,1.7289555072784424,1.12112903594971,83,5.23699998855591,83
2017,0.774864435195923,0.59771066904068,0.408158332109451,0.0877631828188896,0.0322099551558495,2.456178978085514,0.878114581108093,84,5.2350001335144,92
2017,1.15240025520325,0.540775775909424,0.398155838251114,0.180987507104874,0.0452693402767181,1.7628097236156397,1.15360176563263,85,5.23400020599365,80
2017,1.40241670608521,0.574873745441437,0.55258983373642,0.113945253193378,0.186967849731445,1.3198327943682702,1.07937383651733,86,5.23000001907349,98
2017,1.23941457271576,0.810198903083801,0.0957312509417534,0.04328977689147,0.0,1.7488782517611954,1.28948748111725,87,5.22700023651123,102
2017,1.12962424755096,0.735081076622009,0.288515985012054,0.037513829767704,0.264450758695602,1.6948264762759306,1.07498753070831,88,5.22499990463257,103
2017,1.36704301834106,0.795843541622162,0.498465299606323,0.0158694516867399,0.0951027125120163,1.1075008530169788,1.3151752948761,89,5.19500017166138,88
2017,1.0693359375,0.705186307430267,0.204403176903725,0.0,0.328867495059967,1.8917978256940886,0.982409417629242,90,5.18200016021729,96
2017,1.14394497871399,0.582569479942322,0.348079860210419,0.0733454525470734,0.236188873648643,2.0662984699010805,0.730573117733002,91,5.18100023269653,105
2017,1.20789301395416,0.644948184490204,0.325905978679657,0.0602777935564518,0.25376096367836,1.6176363192498675,1.06457793712616,92,5.17500019073486,93
2017,0.721151351928711,0.113989137113094,0.602126955986023,0.282410323619843,0.291631311178207,3.1170477587729657,0.0226431842893362,93,5.15100002288818,161
2017,1.27749133110046,0.652168989181519,0.571055591106415,0.0876332372426987,0.234968051314354,1.4621351063251486,0.788547575473785,94,5.07399988174438,75
2017,1.21577048301697,0.0569157302379608,0.394952565431595,0.0261215660721064,0.230947196483612,2.36553608439862,0.783756256103516,95,5.07399988174438,78
2017,1.27146327495575,0.529235124588013,0.471566706895828,0.146377146244049,0.248997643589973,1.8486463576555257,0.524713635444641,96,5.04099988937378,106
2017,1.34012651443481,0.495879292488098,0.501537680625916,0.173380389809608,0.474054545164108,1.1406053453683915,0.885416388511658,97,5.01100015640259,79
2017,1.39423859119415,0.553457796573639,0.454943388700485,0.0394391790032387,0.42858037352562,1.5371207818388997,0.596220076084137,98,5.00400018692017,77
2017,1.17928326129913,0.504130780696869,0.440305948257446,0.0729755461215973,0.394096165895462,1.8913879990577769,0.479820191860199,99,4.96199989318848,121
2017,1.4930112361908,0.557783484458923,0.394143968820572,0.0329022891819477,0.338464230298996,1.1114588491618518,1.02723586559296,100,4.95499992370605,100
2017,1.38478863239288,0.187080070376396,0.479246735572815,0.0725094974040985,0.139362379908562,1.511313974857328,1.05469870567322,101,4.8289999961853,113
2017,0.868351459503174,0.613212049007416,0.289680689573288,0.0867231488227844,0.0496933571994305,1.8900733180344078,1.00726580619812,102,4.80499982833862,107
2017,1.15564715862274,0.565666973590851,0.25471106171608,0.0892826020717621,0.114173173904419,1.8792698979377733,0.716249227523804,103,4.77500009536743,108
2017,0.997471392154694,0.520187258720398,0.282110154628754,0.114381365478039,0.128631442785263,1.70251671224832,0.989701807498932,104,4.7350001335144,135
2017,1.43437945842743,0.708217680454254,0.289231717586517,0.0110515309497714,0.113177694380283,0.9964830549433841,1.1614590883255,105,4.71400022506714,134
2017,0.984136044979095,0.0055647538974881,0.318697690963745,0.0710951760411263,0.293040901422501,2.6680446146056043,0.36842092871666,106,4.70900011062622,123
2017,0.946018218994141,0.132892116904259,0.430388748645782,0.0513066314160824,0.236298456788063,2.3337906338274506,0.564305365085602,107,4.69500017166138,133
2017,0.711551249027252,0.639333188533783,0.249322608113289,0.048761073499918,0.387242913246155,1.4989157728850833,1.15687310695648,108,4.69199991226196,110
2017,0.803685247898102,0.731159746646881,0.381498634815216,0.0398642159998417,0.201312944293022,1.4902865104377248,0.996192753314972,109,4.64400005340576,95
2017,0.735131740570068,0.533241033554077,0.478356659412384,0.123717859387398,0.172255352139473,1.9786141812801339,0.586682975292206,110,4.60799980163574,109
2017,1.0984708070755,0.33861181139946,0.520303547382355,0.0931469723582268,0.0771337449550629,1.4818986728787378,0.964434325695038,111,4.57399988174438,163
2017,1.06795072555542,0.309988349676132,0.452763766050339,0.0646413192152977,0.444860309362411,1.6523160412907614,0.560479462146759,112,4.55299997329712,125
2017,0.870701014995575,0.106654435396194,0.480791091918945,0.179436385631561,0.322228103876114,2.3558835089206664,0.234305649995804,113,4.55000019073486,94
2017,1.12323594093323,0.397522568702698,0.514492034912109,0.188816204667091,0.838075160980225,1.115747615695002,0.367110550403595,114,4.54500007629395,129
2017,1.17969191074371,0.409362852573395,0.377922266721725,0.115460447967052,0.183468893170357,1.7897844538092662,0.479309022426605,115,4.53499984741211,142
2017,1.00318729877472,0.257835894823074,0.461603492498398,0.0782135501503944,0.249580144882202,1.8271727785468057,0.636406779289246,116,4.51399993896484,85
2017,0.978613197803497,0.501180469989777,0.288555532693863,0.107215754687786,0.19963726401329,1.3190875127911568,1.10271048545837,117,4.49700021743774,112
2017,1.1556202173233,0.356578588485718,0.312328577041626,0.0760467872023582,0.0437853783369064,1.3224303647875812,1.1982102394104,118,4.46500015258789,143
2017,0.86466920375824,0.353409707546234,0.408842742443085,0.165455713868141,0.312650740146637,2.015738084912297,0.339233845472336,119,4.46000003814697,122
2017,1.25997638702393,0.625130832195282,0.561213254928589,0.0736539661884308,0.490863561630249,0.41931191086768926,1.00985014438629,120,4.44000005722046,132
2017,1.00748372077942,0.637524425983429,0.198303267359734,0.0266744215041399,0.0834880918264389,1.5219292622059553,0.900596737861633,121,4.37599992752075,127
2017,0.754372596740723,0.455427616834641,0.469987004995346,0.0922268852591515,0.231538489460945,1.5192262157797813,0.792221248149872,122,4.31500005722046,117
2017,1.2720308303833,0.285349279642105,0.0960980430245399,0.136957004666328,0.201870024204254,1.6512373462319383,0.648457288742065,123,4.29199981689453,124
2017,0.832044363021851,0.28995743393898,0.435025870800018,0.0796181336045265,0.120852127671242,1.7245377078652386,0.808964252471924,124,4.29099988937378,139
2017,0.57061493396759,0.649546980857849,0.309410035610199,0.251666635274887,0.0540088154375553,1.5001397095620632,0.950612664222717,125,4.28599977493286,130
2017,1.22902345657349,0.191407024860382,0.235961347818375,0.0602413564920425,0.246455833315849,2.224808841943737,0.0921023488044739,126,4.28000020980835,120
2017,1.28147339820862,0.169365674257278,0.306613743305206,0.104970246553421,0.183354198932648,1.668042302131652,0.476180493831635,127,4.19000005722046,138
2017,0.904780030250549,0.0486421696841717,0.447706192731857,0.130061775445938,0.201237469911575,1.8445232696831209,0.603048920631409,128,4.17999982833862,151
2017,1.00623834133148,0.429783403873444,0.633375823497772,0.0681059509515762,0.385922968387604,1.042808637022972,0.601765096187592,129,4.16800022125244,145
2017,1.21400856971741,0.290920823812485,0.0149958552792668,0.089847519993782,0.182317450642586,1.68739302735775,0.65951669216156,130,4.13899993896484,118
2017,0.873664736747742,0.295637726783752,0.423026293516159,0.0253363698720932,0.256923943758011,1.578185990452765,0.667224824428558,131,4.11999988555908,114
2017,1.39453756809235,0.575903952121735,0.122974775731564,0.0230294708162546,0.270061463117599,0.814841015264387,0.89465194940567,132,4.09600019454956,111
2017,1.12982773780823,0.217632606625557,0.443185955286026,0.057069718837738,0.325766056776047,1.5260870605707177,0.381430715322495,133,4.08099985122681,141
2017,1.04328000545502,0.215844258666039,0.324367851018906,0.120328105986118,0.250864684581757,1.72708744555711,0.3502277135849,134,4.03200006484985,152
2017,0.993025004863739,0.26850500702858,0.36365869641304,0.138572946190834,0.228673845529556,1.8736390471458462,0.161925330758095,135,4.02799987792969,144
2017,0.512568831443787,0.315089583396912,0.466914653778076,0.0727116540074348,0.287170469760895,2.0821027979254723,0.233442038297653,136,3.97000002861023,131
2017,0.953855872154236,0.0411347150802612,0.16234202682972,0.0535818822681904,0.216113850474358,2.0709587745368454,0.438012987375259,137,3.93600010871887,149
2017,1.08309590816498,0.196763753890991,0.336384207010269,0.0953753814101219,0.189143493771553,1.5983907207846633,0.375846534967422,138,3.875,115
2017,1.19009518623352,0.0,0.390661299228668,0.119094640016556,0.157497271895409,1.4296304434537923,0.521021246910095,139,3.80800008773804,97
2017,1.10441195964813,0.0498686656355858,0.0,0.0697203353047371,0.097926490008831,1.6146444454789233,0.858428180217743,140,3.79500007629395,137
2017,0.581543326377869,0.180746778845787,0.106179520487785,0.0611578300595284,0.311870932579041,2.1510243043303445,0.401477217674255,141,3.79399991035461,153
2017,1.22155499458313,0.341755509376526,0.505196332931519,0.0985831990838051,0.0993484482169151,0.37746739387512473,1.12209415435791,142,3.76600003242493,128
2017,0.435299843549728,0.209930211305618,0.425962775945663,0.0609290152788162,0.207948461174965,1.8858443498611428,0.431085407733917,143,3.65700006484985,155
2017,0.913020372390747,0.375223308801651,0.189196765422821,0.0672319754958153,0.208732530474663,1.5847864076495157,0.305808693170547,144,3.64400005340576,147
2017,0.640449821949005,0.277321130037308,0.0303698573261499,0.0998721495270729,0.489203780889511,1.6971729230135644,0.368610262870789,145,3.6029999256134,119
2017,0.93538224697113,0.310080915689468,0.249463722109795,0.0567674227058887,0.104125209152699,1.3454969711601774,0.591683447360992,146,3.59299993515015,136
2017,0.601323127746582,0.163486003875732,0.147062435746193,0.116793513298035,0.285670816898346,1.8794155567884419,0.39724862575531,147,3.59100008010864,164
2017,0.872117936611176,0.229918196797371,0.332881182432175,0.0389482490718365,0.26654988527298,1.6735427491366897,0.119041793048382,148,3.53299999237061,116
2017,0.791244685649872,0.194129139184952,0.348587512969971,0.110937617719173,0.264815092086792,1.552735991775987,0.244549930095673,149,3.50699996948242,150
2017,0.431882530450821,0.247105568647385,0.38042613863945,0.0956650152802467,0.196896150708199,1.8375797644257512,0.305444717407227,150,3.49499988555908,158
2017,0.945707023143768,0.326424807310104,0.581843852996826,0.455220013856888,0.252756029367447,0.5403023362159725,0.368745893239975,151,3.47099995613098,154
2017,0.396102607250214,0.50053334236145,0.0815394446253777,0.151347130537033,0.493663728237152,1.0616605058312456,0.777153134346008,152,3.46199989318848,156
2017,1.04198980331421,0.364509284496307,0.390017777681351,0.0660351067781448,0.354256361722946,0.62105576694012,0.511135876178741,153,3.34899997711182,146
2017,0.629793584346771,0.151610791683197,0.0599007532000542,0.0841479450464249,0.204435184597969,1.683489143848419,0.091622568666935,154,2.90499997138977,157
2017,0.0,0.0187726859003305,0.270842045545578,0.0565650761127472,0.280876487493515,2.065943783149119,0.0,155,2.69300007820129,148
2018,1.592,0.874,0.681,0.393,0.202,2.585,1.305,1,7.632,6
2018,1.582,0.861,0.686,0.34,0.286,2.383000000000001,1.456,2,7.594,4
2018,1.59,0.868,0.683,0.408,0.284,2.3709999999999996,1.351,3,7.555,3
2018,1.644,0.914,0.677,0.138,0.353,2.426,1.343,4,7.495,2
2018,1.549,0.927,0.66,0.357,0.256,2.3179999999999996,1.42,5,7.487,1
2018,1.488,0.878,0.638,0.295,0.333,2.4479999999999995,1.361,6,7.441,7
2018,1.532,0.896,0.653,0.291,0.321,2.3050000000000006,1.33,7,7.328,5
2018,1.601,0.876,0.669,0.389,0.365,2.1559999999999997,1.268,8,7.324,9
2018,1.501,0.913,0.659,0.383,0.285,2.218,1.355,9,7.314,8
2018,1.573,0.91,0.647,0.302,0.361,2.1390000000000002,1.34,10,7.272,10
2018,1.433,0.888,0.464,0.082,0.262,2.817000000000001,1.244,11,7.19,21
2018,1.504,0.891,0.617,0.224,0.242,2.3200000000000003,1.341,12,7.139,13
2018,1.459,0.817,0.632,0.101,0.143,2.9099999999999993,1.01,13,7.072,12
2018,1.583,0.876,0.614,0.306,0.307,1.843,1.448,14,6.977,18
2018,1.474,0.861,0.586,0.28,0.273,2.151,1.34,15,6.965,26
2018,1.483,0.894,0.583,0.24,0.188,2.214999999999999,1.324,16,6.927,19
2018,1.52,0.896,0.632,0.321,0.196,1.769000000000001,1.576,17,6.91,17
2018,1.471,0.819,0.547,0.133,0.291,2.2270000000000003,1.398,18,6.886,15
2018,1.559,0.883,0.533,0.272,0.354,1.912,1.301,19,6.814,11
2018,0.776,0.67,0.284,,0.186,,2.096,20,6.774,20
2018,1.489,0.854,0.543,0.034,0.064,2.4939999999999998,1.233,21,6.711,31
2018,1.525,0.884,0.645,0.142,0.376,1.7849999999999993,1.27,22,6.627,37
2018,1.466,0.908,0.52,0.176,0.098,2.0280000000000005,1.293,23,6.489,29
2018,1.252,0.761,0.479,0.095,0.069,2.794,1.038,24,6.488,14
2018,1.331,0.808,0.431,0.061,0.197,2.5170000000000003,1.131,25,6.476,27
2018,1.436,0.857,0.418,0.078,0.151,2.1359999999999992,1.365,26,6.441,38
2018,1.438,0.759,0.597,0.063,0.125,2.3360000000000003,1.112,27,6.43,25
2018,1.474,0.675,0.493,0.088,0.11,2.593,0.986,28,6.419,16
2018,1.468,0.744,0.57,0.054,0.062,2.4170000000000003,1.073,29,6.388,30
2018,1.268,0.608,0.604,0.071,0.179,2.8709999999999996,0.781,30,6.382,43
2018,1.459,0.771,0.625,0.155,0.13,2.146,1.093,31,6.379,32
2018,1.303,0.748,0.654,0.171,0.256,1.592999999999999,1.649,32,6.374,28
2018,1.331,0.633,0.509,0.127,0.098,2.2940000000000005,1.379,33,6.371,35
2018,1.451,1.008,0.631,0.457,0.261,1.0060000000000002,1.529,34,6.343,24
2018,1.258,0.669,0.356,0.059,0.311,2.508,1.161,35,6.322,61
2018,1.538,0.965,0.449,0.074,0.142,1.891,1.251,36,6.31,36
2018,1.439,0.635,0.531,0.039,0.099,2.5569999999999995,0.96,37,6.26,33
2018,1.492,0.564,0.575,0.019,0.171,2.1479999999999997,1.223,38,6.192,167
2018,1.537,0.776,0.354,0.014,0.118,2.1640000000000006,1.21,39,6.173,45
2018,1.231,0.639,0.461,0.082,0.065,2.883,0.806,40,6.167,42
2018,1.319,0.7,0.527,0.128,0.208,2.5909999999999993,0.668,41,6.141,57
2018,1.448,0.781,0.546,0.064,0.108,2.000000000000001,1.176,42,6.123,60
2018,1.366,0.698,0.594,0.123,0.243,1.7430000000000003,1.338,43,6.105,49
2018,1.584,0.605,0.724,0.259,0.328,1.8770000000000007,0.719,44,6.096,44
2018,1.301,0.675,0.554,0.106,0.167,1.806,1.474,45,6.083,39
2018,1.417,0.707,0.637,0.029,0.364,1.9020000000000001,1.016,46,6.072,34
2018,1.501,0.946,0.281,0.028,0.137,1.843,1.264,47,6.0,50
2018,1.33,0.736,0.556,0.12,0.114,2.2279999999999998,0.889,48,5.973,48
2018,1.101,0.474,0.593,0.089,0.183,2.709000000000001,0.807,49,5.956,160
2018,1.527,0.716,0.35,0.006,0.026,2.13,1.197,50,5.952,56
2018,1.506,0.856,0.633,0.051,0.16,1.5229999999999997,1.219,51,5.948,55
2018,1.219,0.726,0.528,0.001,0.088,2.2670000000000003,1.116,52,5.945,86
2018,1.454,0.671,0.363,0.066,0.092,2.1390000000000002,1.148,53,5.933,89
2018,1.462,0.988,0.553,0.15,0.079,1.3889999999999993,1.294,54,5.915,46
2018,1.387,0.684,0.584,0.05,0.245,1.851,1.09,55,5.891,71
2018,1.493,0.693,0.575,0.031,0.096,2.1829999999999994,0.819,56,5.89,65
2018,1.204,0.955,0.244,0.051,0.175,1.9800000000000004,1.266,57,5.875,47
2018,1.211,0.909,0.495,0.154,0.179,1.6579999999999995,1.229,58,5.835,168
2018,1.479,0.599,0.399,0.025,0.065,2.0919999999999996,1.151,59,5.81,64
2018,1.516,0.631,0.454,0.121,0.148,1.7770000000000001,1.143,60,5.79,54
2018,1.191,0.909,0.423,0.035,0.202,1.7729999999999997,1.229,61,5.762,67
2018,1.223,0.508,0.606,0.054,0.141,2.469,0.751,62,5.752,51
2018,1.532,0.737,0.553,0.174,0.086,1.456999999999999,1.2,63,5.739,73
2018,1.522,0.615,0.541,0.074,0.162,1.932,0.835,64,5.681,53
2018,1.249,0.674,0.53,0.034,0.092,2.15,0.934,65,5.663,58
2018,1.23,0.578,0.448,0.023,0.274,2.254,0.855,66,5.662,69
2018,1.301,0.62,0.232,0.0,0.171,2.659,0.657,67,5.64,52
2018,1.533,0.517,0.417,0.037,0.199,1.9170000000000007,1.016,68,5.636,70
2018,1.401,0.732,0.259,0.022,0.061,1.9740000000000002,1.171,69,5.62,104
2018,1.35,0.553,0.496,0.148,0.116,1.9179999999999997,0.985,70,5.566,63
2018,1.312,0.513,0.643,0.105,0.12,2.0559999999999996,0.775,71,5.524,90
2018,1.205,0.622,0.459,0.074,0.197,2.3269999999999995,0.62,72,5.504,105
2018,1.498,0.7,0.307,0.154,0.101,1.6839999999999997,1.039,73,5.483,59
2018,1.38,0.686,0.324,0.109,0.106,1.7300000000000004,1.148,74,5.483,76
2018,0.81,0.424,0.334,0.113,0.216,2.923,0.652,75,5.472,81
2018,1.29,1.03,0.524,0.291,0.246,0.6439999999999984,1.405,76,5.43,72
2018,1.429,0.884,0.562,0.017,0.055,1.2750000000000004,1.188,77,5.41,88
2018,1.369,0.685,0.288,0.043,0.134,1.904,0.975,78,5.398,87
2018,1.202,0.879,0.131,0.044,0.0,1.948,1.154,79,5.358,102
2018,1.179,0.785,0.503,0.136,0.214,1.5759999999999992,0.965,80,5.358,103
2018,1.279,0.729,0.259,0.081,0.111,1.8710000000000004,1.017,81,5.347,83
2018,1.161,0.737,0.38,0.039,0.12,1.7689999999999997,1.115,82,5.321,62
2018,1.441,0.614,0.578,0.106,0.12,1.4609999999999999,0.982,83,5.302,98
2018,1.154,0.687,0.077,0.135,0.055,2.2079999999999997,0.979,84,5.295,68
2018,0.797,0.669,0.46,0.074,0.026,2.449,0.779,85,5.254,92
2018,1.142,0.799,0.597,0.103,0.029,1.5870000000000006,0.989,86,5.246,84
2018,1.161,0.603,0.43,0.176,0.031,1.775999999999999,1.024,87,5.201,80
2018,1.166,0.598,0.292,0.034,0.187,2.4480000000000004,0.474,88,5.199,106
2018,1.239,0.691,0.394,0.052,0.173,1.6769999999999996,0.959,89,5.185,93
2018,1.265,0.645,0.468,0.134,0.13,1.697,0.822,90,5.161,82
2018,1.172,0.048,0.462,0.032,0.201,2.551,0.689,91,5.155,78
2018,1.416,0.594,0.54,0.035,0.281,1.7349999999999999,0.53,92,5.131,77
2018,1.078,0.758,0.28,0.0,0.216,1.8819999999999988,0.915,93,5.129,96
2018,1.517,0.575,0.395,0.032,0.253,1.4389999999999996,0.914,94,5.125,100
2018,1.365,0.702,0.618,0.079,0.177,1.4469999999999996,0.715,95,5.103,75
2018,1.215,0.522,0.538,0.018,0.484,1.4169999999999998,0.899,96,5.093,74
2018,1.335,0.527,0.541,0.171,0.364,1.3479999999999999,0.796,97,5.082,79
2018,0.712,0.115,0.674,0.282,0.238,2.9610000000000003,0.0,98,4.982,161
2018,0.891,0.182,0.454,0.043,0.183,2.6869999999999994,0.535,99,4.975,133
2018,1.515,0.712,0.359,0.009,0.064,1.2200000000000002,1.054,100,4.933,134
2018,1.228,0.539,0.526,0.078,0.302,1.782,0.425,101,4.88,121
2018,1.469,0.657,0.133,0.052,0.056,1.443,0.996,102,4.806,23
2018,1.164,0.404,0.356,0.052,0.032,1.714,1.036,103,4.758,143
2018,1.217,0.602,0.266,0.076,0.086,1.8540000000000005,0.642,104,4.743,108
2018,1.41,0.33,0.516,0.056,0.103,1.3690000000000002,0.94,105,4.724,113
2018,0.771,0.691,0.459,0.129,0.282,1.3159999999999998,1.059,106,4.707,110
2018,0.872,0.08,0.467,0.103,0.146,2.462,0.541,107,4.671,151
2018,0.896,0.337,0.499,0.029,0.212,2.092,0.592,108,4.657,114
2018,1.117,0.433,0.406,0.082,0.138,2.0260000000000002,0.429,109,4.631,142
2018,1.034,0.441,0.626,0.174,0.23,1.3980000000000006,0.72,110,4.623,99
2018,0.906,0.69,0.271,0.063,0.04,1.7219999999999995,0.9,111,4.592,107
2018,0.817,0.79,0.419,0.032,0.149,1.463,0.916,112,4.586,95
2018,0.813,0.0,0.355,0.053,0.238,2.856,0.256,113,4.571,123
2018,0.811,0.343,0.514,0.077,0.091,2.041,0.682,114,4.559,139
2018,0.85,0.579,0.58,0.144,0.153,1.662,0.532,115,4.5,109
2018,1.314,0.672,0.585,0.05,0.307,0.625,0.918,116,4.471,132
2018,0.971,0.536,0.304,0.095,0.148,1.3920000000000003,1.01,117,4.456,112
2018,1.233,0.152,0.367,0.056,0.139,2.13,0.37,118,4.447,138
2018,1.281,0.365,0.519,0.064,0.051,1.287,0.874,119,4.441,163
2018,1.088,0.457,0.696,0.065,0.256,1.322,0.549,120,4.433,145
2018,1.097,0.254,0.312,0.128,0.175,2.1440000000000006,0.314,121,4.424,152
2018,1.025,0.553,0.312,0.107,0.092,1.4449999999999994,0.885,122,4.419,135
2018,0.902,0.173,0.531,0.158,0.206,2.2489999999999997,0.198,123,4.417,94
2018,1.048,0.454,0.504,0.055,0.352,1.5040000000000004,0.493,124,4.41,125
2018,1.047,0.295,0.503,0.082,0.221,1.6669999999999998,0.562,125,4.377,85
2018,1.245,0.292,0.129,0.093,0.134,1.9060000000000001,0.557,126,4.356,124
2018,0.95,0.391,0.452,0.146,0.22,1.8829999999999996,0.308,127,4.35,122
2018,0.592,0.643,0.375,0.215,0.038,1.624,0.853,128,4.34,130
2018,0.99,0.666,0.26,0.028,0.077,1.4839999999999995,0.816,129,4.321,127
2018,1.174,0.429,0.58,0.178,0.598,0.6670000000000003,0.682,130,4.308,129
2018,0.907,0.053,0.189,0.06,0.181,2.553,0.358,131,4.301,149
2018,1.136,0.204,0.312,0.052,0.197,2.2750000000000004,0.069,132,4.245,120
2018,0.747,0.485,0.539,0.093,0.172,1.4330000000000003,0.721,133,4.19,117
2018,0.867,0.221,0.39,0.099,0.175,2.2830000000000004,0.131,134,4.166,144
2018,1.09,0.237,0.45,0.061,0.259,1.7419999999999995,0.322,135,4.161,141
2018,0.372,0.24,0.44,0.067,0.163,2.481,0.378,136,4.141,155
2018,1.24,0.312,0.016,0.082,0.134,1.7500000000000004,0.605,137,4.139,118
2018,1.413,0.609,0.163,0.011,0.187,0.927,0.793,138,4.103,111
2018,0.474,0.253,0.434,0.101,0.158,2.3200000000000003,0.259,139,3.999,158
2018,0.792,0.211,0.394,0.094,0.185,1.944,0.344,140,3.964,150
2018,1.215,0.079,0.423,0.112,0.116,1.3909999999999996,0.472,141,3.808,97
2018,1.125,0.269,0.0,0.061,0.079,1.5309999999999997,0.73,142,3.795,137
2018,0.908,0.402,0.221,0.049,0.155,1.777,0.262,143,3.774,147
2018,1.094,0.248,0.406,0.099,0.132,1.3559999999999999,0.357,144,3.692,115
2018,0.537,0.255,0.085,0.036,0.191,2.1959999999999997,0.332,145,3.632,153
2018,1.174,0.417,0.557,0.092,0.042,0.29100000000000037,1.017,146,3.59,128
2018,0.541,0.306,0.531,0.08,0.21,1.733,0.186,147,3.587,131
2018,0.714,0.289,0.025,0.104,0.392,1.7429999999999999,0.315,148,3.582,119
2018,0.858,0.267,0.419,0.03,0.206,1.639,0.076,149,3.495,116
2018,0.382,0.539,0.088,0.144,0.376,1.2440000000000002,0.689,150,3.462,156
2018,0.896,0.4,0.636,0.444,0.2,0.49999999999999956,0.332,151,3.408,154
2018,1.073,0.343,0.244,0.064,0.083,1.1059999999999999,0.442,152,3.355,136
2018,0.991,0.381,0.481,0.097,0.27,0.6280000000000001,0.455,153,3.303,146
2018,0.608,0.177,0.112,0.106,0.224,1.6899999999999997,0.337,154,3.254,164
2018,0.0,0.01,0.305,0.038,0.218,2.4880000000000004,0.024,155,3.083,148
2018,0.627,0.145,0.065,0.076,0.149,1.7519999999999998,0.091,156,2.905,157
2019,1.587,0.986,0.596,0.393,0.153,2.7140000000000004,1.34,1,7.769,6
2019,1.573,0.996,0.592,0.41,0.252,2.394,1.383,2,7.6,3
2019,1.582,1.028,0.603,0.341,0.271,2.2409999999999997,1.488,3,7.554,4
2019,1.624,1.026,0.591,0.118,0.354,2.400999999999999,1.38,4,7.494,2
2019,1.522,0.999,0.557,0.298,0.322,2.394,1.396,5,7.488,7
2019,1.526,1.052,0.572,0.343,0.263,2.272000000000001,1.452,6,7.48,1
2019,1.487,1.009,0.574,0.373,0.267,2.2459999999999996,1.387,7,7.343,8
2019,1.557,1.026,0.585,0.38,0.33,2.1260000000000003,1.303,8,7.307,9
2019,1.505,1.039,0.584,0.308,0.285,2.192,1.365,9,7.278,5
2019,1.475,1.016,0.532,0.226,0.244,2.3770000000000007,1.376,10,7.246,13
2019,1.548,1.036,0.557,0.29,0.332,2.093,1.372,11,7.228,10
2019,1.441,0.963,0.558,0.093,0.144,2.9339999999999993,1.034,12,7.167,12
2019,1.455,1.029,0.371,0.082,0.261,2.665,1.276,13,7.139,11
2019,1.479,1.012,0.526,0.316,0.194,1.9540000000000006,1.609,14,7.09,17
2019,1.538,0.996,0.45,0.278,0.348,2.1109999999999998,1.333,15,7.054,21
2019,1.553,0.999,0.516,0.31,0.298,1.846,1.499,16,7.021,18
2019,1.454,0.987,0.495,0.265,0.261,2.1500000000000004,1.373,17,6.985,26
2019,1.504,0.986,0.473,0.21,0.16,2.234,1.356,18,6.923,19
2019,1.457,0.874,0.454,0.128,0.28,2.266,1.433,19,6.892,15
2019,1.487,0.92,0.457,0.036,0.046,2.6370000000000005,1.269,20,6.852,31
2019,1.31,0.825,0.598,0.182,0.262,2.1450000000000005,1.503,21,6.825,20
2019,1.52,0.999,0.564,0.151,0.375,1.8170000000000002,1.3,22,6.726,37
2019,1.323,0.861,0.433,0.073,0.074,2.7610000000000006,1.07,23,6.595,14
2019,1.472,1.045,0.436,0.183,0.111,2.021,1.324,24,6.592,29
2019,1.43,0.914,0.351,0.097,0.242,2.0439999999999987,1.368,25,6.446,38
2019,1.369,0.92,0.357,0.056,0.187,2.396,1.159,26,6.444,27
2019,1.269,0.746,0.535,0.078,0.175,2.833,0.8,27,6.436,43
2019,1.357,0.795,0.439,0.132,0.08,2.1690000000000005,1.403,28,6.375,35
2019,1.313,0.871,0.555,0.167,0.22,1.564,1.684,29,6.374,28
2019,1.484,1.062,0.362,0.079,0.153,1.9280000000000008,1.286,30,6.354,36
2019,1.442,0.91,0.516,0.054,0.109,2.140999999999999,1.149,31,6.321,25
2019,1.439,0.802,0.39,0.086,0.099,2.4799999999999995,1.004,32,6.3,16
2019,1.465,0.891,0.523,0.15,0.127,2.013,1.124,33,6.293,32
2019,1.463,1.141,0.556,0.453,0.271,0.8059999999999992,1.572,34,6.262,24
2019,1.242,0.789,0.43,0.074,0.093,2.831,0.794,35,6.253,42
2019,1.488,1.039,0.231,0.03,0.158,1.9829999999999997,1.294,36,6.223,50
2019,1.368,0.871,0.536,0.11,0.255,1.6969999999999992,1.362,37,6.199,49
2019,1.504,0.881,0.334,0.014,0.121,2.0980000000000008,1.246,38,6.198,45
2019,1.477,0.713,0.489,0.016,0.185,2.0810000000000004,1.231,39,6.192,167
2019,1.438,0.884,0.483,0.05,0.117,2.0040000000000004,1.206,40,6.182,60
2019,1.529,0.756,0.631,0.24,0.322,1.9509999999999996,0.745,41,6.174,44
2019,1.515,0.818,0.291,0.042,0.043,2.202,1.238,42,6.149,56
2019,1.41,0.841,0.47,0.034,0.099,2.2860000000000005,0.985,43,6.125,33
2019,1.523,0.953,0.564,0.057,0.144,1.6190000000000007,1.258,44,6.118,55
2019,1.325,0.835,0.435,0.127,0.2,2.489,0.694,45,6.105,57
2019,1.232,0.758,0.489,0.006,0.262,2.471,0.882,46,6.1,69
2019,1.432,0.881,0.471,0.05,0.066,2.0940000000000003,1.092,47,6.086,30
2019,1.232,0.825,0.462,0.005,0.083,2.3009999999999997,1.162,48,6.07,86
2019,1.223,1.042,0.406,0.041,0.19,1.8810000000000002,1.263,49,6.046,67
2019,1.312,0.868,0.498,0.087,0.126,2.2249999999999996,0.912,50,6.028,48
2019,1.319,0.808,0.493,0.097,0.142,1.661999999999999,1.5,51,6.021,39
2019,1.409,0.828,0.557,0.028,0.359,1.7770000000000001,1.05,52,6.008,34
2019,1.465,0.812,0.264,0.064,0.075,2.0729999999999995,1.187,53,5.94,89
2019,1.219,1.036,0.159,0.056,0.175,1.9489999999999998,1.301,54,5.895,47
2019,1.528,0.874,0.495,0.161,0.103,1.495,1.237,55,5.893,73
2019,1.478,0.831,0.49,0.028,0.107,2.1249999999999996,0.831,56,5.89,65
2019,1.402,0.798,0.498,0.06,0.215,1.794999999999999,1.12,57,5.888,71
2019,1.419,1.088,0.445,0.14,0.069,1.3980000000000006,1.327,58,5.886,46
2019,1.236,0.828,0.507,0.078,0.246,2.3230000000000004,0.642,59,5.86,105
2019,1.508,0.729,0.41,0.096,0.146,1.7469999999999999,1.173,60,5.809,54
2019,1.209,0.706,0.511,0.064,0.137,2.376,0.776,61,5.779,51
2019,1.41,0.828,0.199,0.02,0.081,2.0190000000000006,1.201,62,5.758,104
2019,1.475,0.777,0.514,0.08,0.184,1.8579999999999997,0.855,63,5.743,53
2019,1.252,1.042,0.417,0.162,0.191,1.391000000000001,1.263,64,5.718,168
2019,1.274,0.854,0.455,0.027,0.083,2.0439999999999996,0.96,65,5.697,58
2019,1.431,0.999,0.508,0.025,0.047,1.4619999999999989,1.221,66,5.693,88
2019,0.886,0.535,0.313,0.098,0.22,2.923999999999999,0.677,67,5.653,81
2019,1.452,0.726,0.334,0.031,0.082,1.8399999999999999,1.183,68,5.648,64
2019,1.293,0.657,0.558,0.107,0.117,2.0919999999999996,0.807,69,5.631,90
2019,1.383,0.854,0.282,0.039,0.137,1.9039999999999995,1.004,70,5.603,87
2019,1.328,0.739,0.245,0.0,0.181,2.351,0.685,71,5.529,52
2019,1.303,0.673,0.416,0.152,0.133,1.8040000000000003,1.044,72,5.525,63
2019,1.361,0.871,0.197,0.08,0.142,1.8209999999999997,1.051,73,5.523,83
2019,1.098,0.718,0.389,0.144,0.23,2.394999999999999,0.493,74,5.467,106
2019,1.266,0.914,0.296,0.022,0.119,1.6600000000000001,1.155,75,5.432,62
2019,1.277,1.122,0.44,0.287,0.258,0.6079999999999997,1.438,76,5.43,72
2019,1.401,0.779,0.497,0.101,0.113,1.5190000000000001,1.015,77,5.425,98
2019,1.212,0.845,0.212,0.006,0.263,1.9030000000000005,0.945,78,5.386,96
2019,1.36,0.808,0.195,0.106,0.083,1.6380000000000003,1.183,79,5.373,76
2019,1.171,0.828,0.508,0.024,0.26,1.327,1.221,80,5.339,61
2019,1.465,0.789,0.235,0.142,0.094,1.5310000000000006,1.067,81,5.323,59
2019,1.156,0.999,0.067,0.034,0.0,1.85,1.181,82,5.287,102
2019,1.531,0.667,0.317,0.038,0.235,1.5490000000000004,0.948,83,5.285,100
2019,1.294,0.838,0.345,0.034,0.185,1.5950000000000002,0.983,84,5.274,169
2019,1.111,0.245,0.426,0.041,0.215,2.5309999999999997,0.696,85,5.265,78
2019,1.438,0.723,0.508,0.023,0.3,1.7180000000000004,0.551,86,5.261,77
2019,1.538,0.657,0.394,0.028,0.244,1.3339999999999996,1.052,87,5.247,70
2019,1.16,0.785,0.086,0.114,0.073,1.9910000000000005,1.002,88,5.211,68
2019,0.782,0.782,0.418,0.076,0.036,2.3129999999999997,0.801,89,5.208,92
2019,1.147,0.769,0.351,0.182,0.035,1.681,1.043,90,5.208,80
2019,1.224,0.815,0.216,0.027,0.166,1.762,0.987,91,5.197,103
2019,1.203,0.66,0.491,0.028,0.498,1.3809999999999993,0.931,92,5.192,74
2019,1.125,0.893,0.521,0.1,0.058,1.4650000000000003,1.029,93,5.191,84
2019,1.346,0.851,0.543,0.073,0.147,1.4739999999999998,0.741,94,5.175,75
2019,1.321,0.604,0.457,0.167,0.37,1.35,0.813,95,5.082,79
2019,0.91,0.331,0.381,0.037,0.187,2.6489999999999996,0.549,96,5.044,133
2019,1.513,0.815,0.311,0.004,0.081,1.1950000000000003,1.092,97,5.011,134
2019,0.868,0.486,0.381,0.04,0.245,2.365,0.611,98,4.996,114
2019,0.808,0.232,0.352,0.09,0.154,2.7390000000000003,0.569,99,4.944,151
2019,1.226,0.677,0.439,0.089,0.285,1.751,0.446,100,4.913,121
2019,1.225,0.815,0.383,0.13,0.11,1.4059999999999997,0.837,101,4.906,82
2019,0.437,0.397,0.349,0.082,0.175,3.05,0.393,102,4.883,155
2019,0.799,0.508,0.372,0.093,0.105,2.2620000000000005,0.673,103,4.812,139
2019,1.183,0.571,0.295,0.055,0.043,1.5950000000000002,1.057,104,4.799,143
2019,1.03,0.551,0.547,0.164,0.266,1.4739999999999998,0.764,105,4.796,99
2019,1.351,0.469,0.389,0.055,0.13,1.3680000000000008,0.96,106,4.722,113
2019,0.848,0.874,0.383,0.027,0.178,1.4620000000000002,0.947,107,4.719,95
2019,1.427,0.805,0.154,0.047,0.064,1.2499999999999996,0.96,108,4.707,23
2019,1.122,0.637,0.609,0.062,0.232,1.464,0.574,109,4.7,145
2019,1.247,0.672,0.225,0.066,0.103,1.7259999999999995,0.657,110,4.696,108
2019,1.134,0.571,0.292,0.072,0.153,2.0090000000000003,0.45,111,4.681,142
2019,0.698,0.268,0.559,0.27,0.243,2.6300000000000003,0.0,112,4.668,161
2019,1.313,0.477,0.401,0.056,0.07,1.443,0.879,113,4.639,163
2019,0.774,0.366,0.318,0.102,0.188,2.742,0.138,114,4.628,144
2019,1.056,0.38,0.255,0.113,0.177,2.275,0.331,115,4.587,152
2019,1.055,0.815,0.283,0.064,0.095,1.3970000000000002,0.85,116,4.559,127
2019,0.842,0.785,0.305,0.125,0.27,1.1209999999999996,1.1,117,4.548,110
2019,0.829,0.375,0.332,0.086,0.207,2.3249999999999997,0.38,118,4.534,150
2019,0.666,0.752,0.346,0.164,0.043,1.6619999999999995,0.886,119,4.519,130
2019,0.939,0.428,0.382,0.167,0.269,2.023,0.308,120,4.516,170
2019,0.983,0.581,0.431,0.053,0.372,1.5770000000000004,0.512,121,4.509,125
2019,1.167,0.489,0.066,0.088,0.106,2.0040000000000004,0.57,122,4.49,124
2019,0.986,0.39,0.494,0.138,0.197,2.0570000000000004,0.204,123,4.466,94
2019,1.0,0.815,0.167,0.055,0.059,1.4440000000000004,0.921,124,4.461,107
2019,0.928,0.723,0.527,0.143,0.166,1.4070000000000005,0.562,125,4.456,109
2019,0.98,0.574,0.241,0.089,0.148,1.3620000000000005,1.043,126,4.437,112
2019,1.125,0.357,0.269,0.053,0.212,2.308,0.094,127,4.418,120
2019,1.105,0.308,0.327,0.052,0.153,2.0599999999999996,0.385,128,4.39,138
2019,0.841,0.242,0.309,0.045,0.252,2.417,0.268,129,4.374,123
2019,1.265,0.831,0.47,0.047,0.244,0.5599999999999996,0.949,130,4.366,132
2019,1.181,0.555,0.525,0.172,0.566,0.6510000000000002,0.71,131,4.36,129
2019,0.766,0.192,0.174,0.078,0.198,2.5919999999999996,0.35,132,4.35,149
2019,1.39,0.739,0.178,0.01,0.187,1.0080000000000005,0.82,133,4.332,111
2019,1.033,0.532,0.344,0.1,0.209,1.7319999999999993,0.336,134,4.286,122
2019,1.149,0.0,0.313,0.135,0.074,1.7299999999999995,0.811,135,4.212,101
2019,1.069,0.443,0.356,0.06,0.252,1.6769999999999996,0.332,136,4.189,141
2019,1.039,0.644,0.241,0.067,0.076,1.186,0.913,137,4.166,135
2019,1.058,0.426,0.431,0.087,0.247,1.2799999999999998,0.578,138,4.107,85
2019,0.572,0.41,0.293,0.085,0.177,2.273,0.275,139,4.085,158
2019,0.765,0.588,0.498,0.085,0.2,1.1239999999999997,0.755,140,4.015,117
2019,0.922,0.443,0.37,0.033,0.233,1.9010000000000002,0.073,141,3.975,116
2019,0.757,0.505,0.142,0.078,0.275,1.9419999999999997,0.274,142,3.973,140
2019,0.916,0.555,0.148,0.041,0.169,1.83,0.274,143,3.933,147
2019,1.169,0.168,0.359,0.093,0.107,1.4170000000000003,0.489,144,3.802,97
2019,0.447,0.38,0.22,0.18,0.176,2.326,0.046,145,3.775,157
2019,1.114,0.433,0.361,0.089,0.151,1.149,0.366,146,3.663,115
2019,0.688,0.449,0.026,0.11,0.419,1.5819999999999999,0.323,147,3.597,119
2019,1.145,0.538,0.455,0.1,0.025,0.18399999999999972,1.041,148,3.488,128
2019,0.378,0.44,0.013,0.141,0.331,1.5400000000000003,0.619,149,3.462,156
2019,0.56,0.495,0.443,0.089,0.218,1.4140000000000001,0.191,150,3.41,131
2019,1.163,0.463,0.143,0.077,0.108,1.1389999999999998,0.287,151,3.38,136
2019,0.711,0.614,0.555,0.411,0.217,0.4670000000000001,0.359,152,3.334,154
2019,0.885,0.499,0.417,0.147,0.276,0.5310000000000006,0.476,153,3.231,146
2019,0.517,0.361,0.0,0.025,0.158,1.792,0.35,154,3.203,153
2019,0.0,0.105,0.225,0.035,0.235,2.4570000000000003,0.026,155,3.083,148
2019,0.575,0.295,0.01,0.091,0.202,1.3740000000000003,0.306,156,2.853,164
